﻿Designator,Footprint,Quantity,Value,LCSC Part #
0.96-OLED,DISPLAY-OLED-128X64-I2C,1,OLED-128X64,
"1.3-OLED, I2C, P1, P2, TEST_5V, TX/RX",1X04,6,,
"C1, C10, C11, C12, C13, C2, C4, C5, C8",C1206,9,100nF,
C3,C1206,1,220nF,
C6,"E2,5-7",1,220µF 16V,
C7,"E5-10,5",1,470µ25V,
C9,C1206,1,470nF,
"CAN TERM, JP5",1X02,2,,
"D1, D2",SMA-DIODE,2,1N5819,
D3,DIOM4325X250N,1,SS14,
D4,DO35-7,1,1N4148,
"DCC, LM7805, M_COURANT",1X03,3,,
DCC1,1751248,1,1751248,
DCC2,691502710002,1,,
"DOWN, SEL, UP",4304X60737X6,3,,
ESP32,ESP32,1,ESP32,
"H1, H2, H3, H4","2,8",4,MOUNT-HOLE2.8,
IC2,SO08,1,LM358D,
"J2, J3",RJ11-6,2,RJ11,
JP1,1X13,1,,
L6203,MULTIWATT-11,1,L6203,
"LED2, LED4",LED3MM,2,,
"R10, R12, R15, R18, R4, R5, R6, R8",R0805,8,10K,
"R13, R14",R2512,2,0R5,
R16,R0805,1,220K,
R17,3386-MULTI,1,50k,
R19,R0805,1,15K,
"R20, R21",R0805,2,47K,
R3,R0805,1,33K,
R7,R0805,1,68K,
R9,M1206,1,120R,
RX2/TX2/16/17,1X04,1,16/17,
"SJ1, SJ2, SJ3, SJ4, SJ5",SJ,5,,
U$1,DC-DC-STEP-DOWN,1,DC-DC-STEP-DOWNDC-DC,
U$4,DC-DC-STEP-DOWN-MP1584,1,MP1584,
U1,SOIC127P600X175-8N,1,MCP2562-E/SN,
VIN,SPC4077,1,,
